[
	{
		"name" : "01_ColorBuffer", 
		"class" : "RenderTexture", 
		"format" : "rgba8888", 
		"policyWidth" : "screen", 
		"policyHeight" : "screen", 
		"customWidth" : -1, 
		"customHeight" : -1, 
		"coefficientWidth" : 1, 
		"coefficientHeight" : 1
	}, 
	{
		"name" : "02_ColorClearPass", 
		"class" : "Clear", 
		"color" : [0.5, 0.5, 0.5, 1], 
		"inputs" : [
			{
				"name" : "RenderTarget", 
				"source" : "01_ColorBuffer", 
				"sourceIndex" : 0
			}
		]
	}, 
	{
		"name" : "03_ColorForwardPass", 
		"class" : "Forward", 
		"inputs" : [
			{
				"name" : "RenderTarget", 
				"source" : "02_ColorClearPass", 
				"sourceIndex" : 0
			}
		]
	},
	{
		"name" : "04_RecordPass", 
		"class" : "Record", 
		"inputs" : [
			{
				"name" : "RenderTarget", 
				"source" : "03_ColorForwardPass", 
				"sourceIndex" : 0
			}
		]
	},
	{
		"name" : "05_BackBuffer", 
		"class" : "BackBuffer"
	}, 
	{
		"name" : "06_ScreenSpaceDirect", 
		"class" : "ScreenQuad", 
		"overrideEffect" : "local://PostBasic.effect",
		"inputs" : [
			{
				"name" : "RenderTarget", 
				"source" : "05_BackBuffer", 
				"sourceIndex" : 0
			}, 
			{
				"name" : "ColorBuffer", 
				"source" : "04_RecordPass", 
				"sourceIndex" : 0
			}
		]
	}
]